ID,X,Y
12,113.114357043975,858.489846875782
14,639.069168181016,623.969701144161
15,1067.73071411794,398.85262729904
45,41.2739919000952,475.520853723433
46,240.94981086505,269.001098078931
47,495.961402649142,733.062212478239
48,304.84220614474,839.914789188946
49,353.897980781633,542.721994381402
51,429.143777043188,158.640420797391
52,716.588774707056,235.43193447257
53,814.344814590411,417.164791177729
55,871.127956998797,791.233821111402
57,1282.57611727352,382.201042511988
